{
  "name": "Python",
  "uniqueClass": "python",
  "image": "/img/4.svg",
  "bgColor": "rgb(55, 126, 240)",
  "libs": [
    {
      "minimumVersion": "1.0.1",
      "support": {
        "sign": true,
        "verify": true,
        "iss": true,
        "sub": false,
        "aud": true,
        "exp": true,
        "nbf": true,
        "iat": true,
        "jti": false,
        "hs256": true,
        "hs384": true,
        "hs512": true,
        "rs256": true,
        "rs384": true,
        "rs512": true,
        "es256": true,
        "es384": true,
        "es512": true,
        "ps256": true,
        "ps384": true,
        "ps512": true
      },
      "authorUrl": "https://github.com/jpadilla",
      "authorName": "José Padilla",
      "gitHubRepoPath": "jpadilla/pyjwt",
      "repoUrl": "https://github.com/jpadilla/pyjwt/",
      "installCommandHtml": "pip install pyjwt"
    },
    {
      "minimumVersion": null,
      "support": {
        "sign": true,
        "verify": true,
        "iss": true,
        "sub": true,
        "aud": true,
        "exp": true,
        "nbf": true,
        "iat": true,
        "jti": true,
        "hs256": true,
        "hs384": true,
        "hs512": true,
        "rs256": true,
        "rs384": true,
        "rs512": true,
        "es256": true,
        "es384": true,
        "es512": true,
        "ps256": false,
        "ps384": false,
        "ps512": false
      },
      "authorUrl": "https://github.com/mpdavis",
      "authorName": "Michael Davis",
      "gitHubRepoPath": "mpdavis/python-jose",
      "repoUrl": "https://github.com/mpdavis/python-jose/",
      "installCommandHtml": "pip install python-jose"
    },
    {
      "minimumVersion": null,
      "support": {
        "sign": true,
        "verify": true,
        "iss": true,
        "sub": true,
        "aud": true,
        "exp": true,
        "nbf": true,
        "iat": true,
        "jti": true,
        "hs256": true,
        "hs384": true,
        "hs512": true,
        "rs256": true,
        "rs384": true,
        "rs512": true,
        "es256": true,
        "es384": true,
        "es512": true,
        "ps256": true,
        "ps384": true,
        "ps512": true,
        "eddsa": true
      },
      "authorUrl": "https://github.com/simo5",
      "authorName": "Simo Sorce",
      "gitHubRepoPath": "latchset/jwcrypto",
      "repoUrl": "https://github.com/latchset/jwcrypto/",
      "installCommandHtml": "pip install jwcrypto"
    },
    {
      "minimumVersion": null,
      "support": {
        "sign": true,
        "verify": true,
        "iss": true,
        "sub": true,
        "aud": true,
        "exp": true,
        "nbf": true,
        "iat": true,
        "jti": true,
        "hs256": true,
        "hs384": true,
        "hs512": true,
        "rs256": true,
        "rs384": true,
        "rs512": true,
        "es256": true,
        "es384": true,
        "es512": true,
        "ps256": true,
        "ps384": true,
        "ps512": true
      },
      "authorUrl": "https://github.com/lepture",
      "authorName": "Hsiaoming Yang",
      "gitHubRepoPath": "lepture/authlib",
      "repoUrl": "https://github.com/lepture/authlib",
      "installCommandHtml": "pip install authlib"
    }
  ]
}
