{
  "name": "Groovy",
  "uniqueClass": "groovy",
  "image": "/img/24.svg",
  "bgColor": "rgb(99, 152, 170)",
  "libs": [
    {
      "minimumVersion": null,
      "support": {
        "sign": true,
        "verify": true,
        "iss": false,
        "sub": false,
        "aud": false,
        "exp": false,
        "nbf": false,
        "iat": false,
        "jti": false,
        "hs256": true,
        "hs384": false,
        "hs512": false,
        "rs256": false,
        "rs384": false,
        "rs512": false,
        "es256": false,
        "es384": false,
        "es512": false,
        "ps256": false,
        "ps384": false,
        "ps512": false
      },
      "authorUrl": "https://github.com/kaleidos",
      "authorName": "Kaleidos",
      "gitHubRepoPath": "kaleidos/grails-security-stateless",
      "repoUrl": "https://github.com/kaleidos/grails-security-stateless",
      "installCommandHtml":
        "compile \"org.grails.plugins:security-stateless:0.0.9\""
    }
  ]
}
