{
  "name": "Haskell",
  "uniqueClass": "haskell",
  "image": "/img/9.svg",
  "bgColor": "rgb(102, 102, 102)",
  "libs": [
    {
      "minimumVersion": null,
      "support": {
        "sign": true,
        "verify": true,
        "iss": false,
        "sub": false,
        "aud": false,
        "exp": false,
        "nbf": false,
        "iat": false,
        "jti": false,
        "hs256": true,
        "hs384": false,
        "hs512": false,
        "rs256": false,
        "rs384": false,
        "rs512": false,
        "es256": false,
        "es384": false,
        "es512": false,
        "ps256": false,
        "ps384": false,
        "ps512": false
      },
      "authorUrl": "https://bitbucket.org/ssaasen",
      "authorName": "Stefan Saasen",
      "gitHubRepoPath": null,
      "repoUrl": "https://bitbucket.org/ssaasen/haskell-jwt",
      "installCommandHtml": "cabal install jwt"
    },
    {
      "minimumVersion": null,
      "support": {
        "sign": true,
        "verify": true,
        "iss": true,
        "sub": false,
        "aud": true,
        "exp": true,
        "nbf": true,
        "iat": true,
        "jti": false,
        "hs256": true,
        "hs384": true,
        "hs512": true,
        "rs256": true,
        "rs384": true,
        "rs512": true,
        "es256": true,
        "es384": true,
        "es512": true,
        "ps256": true,
        "ps384": true,
        "ps512": true
      },
      "authorUrl": "https://github.com/frasertweedale",
      "authorName": "Fraser Tweedale",
      "gitHubRepoPath": "frasertweedale/hs-jose",
      "repoUrl": "https://github.com/frasertweedale/hs-jose",
      "installCommandHtml": "cabal install jose"
    }
  ]
}
