{
  "name": "Haxe",
  "uniqueClass": "haxe",
  "image": "/img/23.svg",
  "bgColor": "rgb(234, 130, 32)",
  "libs": [
    {
      "minimumVersion": null,
      "support": {
        "sign": true,
        "verify": true,
        "iss": true,
        "sub": false,
        "aud": true,
        "exp": true,
        "nbf": false,
        "iat": false,
        "jti": false,
        "hs256": true,
        "hs384": false,
        "hs512": false,
        "rs256": false,
        "rs384": false,
        "rs512": false,
        "es256": false,
        "es384": false,
        "es512": false,
        "ps256": false,
        "ps384": false,
        "ps512": false
      },
      "authorUrl": "https://github.com/kevinresol",
      "authorName": "Kevin Leung",
      "gitHubRepoPath": "kevinresol/jsonwebtoken",
      "repoUrl": "https://github.com/kevinresol/jsonwebtoken",
      "installCommandHtml": "haxelib install jsonwebtoken"
    }
  ]
}
