{
  "name": "Rust",
  "uniqueClass": "rust",
  "image": "/img/10.svg",
  "bgColor": "rgb(129, 70, 38)",
  "libs": [
    {
      "minimumVersion": null,
      "support": {
        "sign": true,
        "verify": true,
        "iss": false,
        "sub": false,
        "aud": false,
        "exp": false,
        "nbf": false,
        "iat": false,
        "jti": false,
        "hs256": true,
        "hs384": true,
        "hs512": true,
        "rs256": true,
        "rs384": true,
        "rs512": true,
        "es256": true,
        "es384": true,
        "es512": true,
        "ps256": false,
        "ps384": false,
        "ps512": false
      },
      "authorUrl": "https://github.com/GildedHonour",
      "authorName": "GildedHonour",
      "gitHubRepoPath": "GildedHonour/rust-jwt",
      "repoUrl": "https://github.com/GildedHonour/rust-jwt",
      "installCommandHtml": "cargo: name = \"frank_jwt\" version = \"*\""
    },
    {
      "minimumVersion": null,
      "support": {
        "sign": true,
        "verify": true,
        "iss": true,
        "sub": true,
        "aud": true,
        "exp": true,
        "nbf": true,
        "iat": true,
        "jti": false,
        "hs256": true,
        "hs384": true,
        "hs512": true,
        "rs256": true,
        "rs384": true,
        "rs512": true,
        "es256": false,
        "es384": false,
        "es512": false,
        "ps256": false,
        "ps384": false,
        "ps512": false
      },
      "authorUrl": "https://github.com/Keats",
      "authorName": "Keats",
      "gitHubRepoPath": "Keats/jsonwebtoken",
      "repoUrl": "https://github.com/Keats/jsonwebtoken",
      "installCommandHtml": "cargo: name = \"jsonwebtoken\" version = \"*\""
    },
    {
      "minimumVersion": null,
      "support": {
        "sign": true,
        "verify": true,
        "iss": false,
        "sub": false,
        "aud": false,
        "exp": true,
        "nbf": true,
        "iat": true,
        "jti": false,
        "hs256": true,
        "hs384": true,
        "hs512": true,
        "rs256": true,
        "rs384": true,
        "rs512": true,
        "es256": false,
        "es384": false,
        "es512": false,
        "ps256": true,
        "ps384": true,
        "ps512": true
      },
      "authorUrl": "https://github.com/lawliet89",
      "authorName": "Yong Wen Chua",
      "gitHubRepoPath": "lawliet89/biscuit",
      "repoUrl": "https://github.com/lawliet89/biscuit",
      "installCommandHtml": "Cargo.toml: biscuit = \"*\""
    }
  ]
}
