{
  "name": "Lua",
  "uniqueClass": "lua",
  "image": "/img/11.svg",
  "bgColor": "rgb(0, 0, 128)",
  "libs": [
    {
      "minimumVersion": null,
      "support": {
        "sign": true,
        "verify": true,
        "iss": false,
        "sub": false,
        "aud": false,
        "exp": true,
        "nbf": true,
        "iat": false,
        "jti": false,
        "hs256": true,
        "hs384": false,
        "hs512": true,
        "rs256": true,
        "rs384": false,
        "rs512": false,
        "es256": false,
        "es384": false,
        "es512": false,
        "ps256": false,
        "ps384": false,
        "ps512": false
      },
      "authorUrl": "https://github.com/SkyLothar",
      "authorName": "SkyLothar",
      "gitHubRepoPath": "SkyLothar/lua-resty-jwt",
      "repoUrl": "https://github.com/SkyLothar/lua-resty-jwt",
      "installCommandHtml":
        "git clone https://github.com/SkyLothar/lua-resty-jwt.git"
    }
  ]
}
