{
  "name": "Scala",
  "uniqueClass": "scala",
  "image": "/img/12.svg",
  "bgColor": "rgb(234, 45, 46)",
  "libs": [
    {
      "minimumVersion": null,
      "support": {
        "sign": true,
        "verify": true,
        "iss": false,
        "sub": false,
        "aud": false,
        "exp": false,
        "nbf": false,
        "iat": false,
        "jti": false,
        "hs256": true,
        "hs384": true,
        "hs512": true,
        "rs256": false,
        "rs384": false,
        "rs512": false,
        "es256": false,
        "es384": false,
        "es512": false,
        "ps256": false,
        "ps384": false,
        "ps512": false
      },
      "authorUrl": "https://github.com/jasongoodwin",
      "authorName": "jasongoodwin",
      "gitHubRepoPath": "jasongoodwin/authentikat-jwt",
      "repoUrl": "https://github.com/jasongoodwin/authentikat-jwt",
      "installCommandHtml":
        "sbt: \"com.jason-goodwin\" %% \"authentikat-jwt\" % \"0.4.5\""
    },
    {
      "minimumVersion": null,
      "support": {
        "sign": true,
        "verify": true,
        "iss": true,
        "sub": true,
        "aud": true,
        "exp": true,
        "nbf": true,
        "iat": true,
        "jti": true,
        "hs256": true,
        "hs384": true,
        "hs512": true,
        "rs256": true,
        "rs384": true,
        "rs512": true,
        "es256": true,
        "es384": true,
        "es512": true,
        "ps256": false,
        "ps384": false,
        "ps512": false
      },
      "authorUrl": "https://github.com/pauldijou",
      "authorName": "pauldijou",
      "gitHubRepoPath": "pauldijou/jwt-scala",
      "repoUrl": "https://github.com/pauldijou/jwt-scala",
      "installCommandHtml": "sbt: \"pdi\" %% \"jwt-core\" % \"0.14.1\""
    },
    {
      "minimumVersion": null,
      "support": {
        "sign": true,
        "verify": true,
        "iss": true,
        "sub": true,
        "aud": true,
        "exp": true,
        "nbf": true,
        "iat": true,
        "jti": true,
        "hs256": true,
        "hs384": true,
        "hs512": true,
        "rs256": true,
        "rs384": false,
        "rs512": false,
        "es256": false,
        "es384": false,
        "es512": false,
        "ps256": false,
        "ps384": false,
        "ps512": false
      },
      "authorUrl": "https://github.com/iain-logan",
      "authorName": "iain-logan",
      "gitHubRepoPath": "iain-logan/jwt",
      "repoUrl": "https://github.com/iain-logan/jwt",
      "installCommandHtml":
        "libraryDependencies += \"io.igl\" %% \"jwt\" % \"1.2.2\""
    },
    {
      "minimumVersion": null,
      "support": {
        "sign": true,
        "verify": true,
        "iss": true,
        "sub": true,
        "aud": false,
        "exp": false,
        "nbf": false,
        "iat": true,
        "jti": false,
        "hs256": true,
        "hs384": true,
        "hs512": true,
        "rs256": true,
        "rs384": true,
        "rs512": true,
        "es256": false,
        "es384": false,
        "es512": false,
        "ps256": false,
        "ps384": false,
        "ps512": false
      },
      "authorUrl": "https://github.com/janjaali",
      "authorName": "janjaali",
      "gitHubRepoPath": "janjaali/spray-jwt",
      "repoUrl": "https://github.com/janjaali/spray-jwt",
      "installCommandHtml":
        "libraryDependencies += \"com.github.janjaali\" %% \"spray-jwt\" % \"1.0.0\""
    },
    {
      "minimumVersion": null,
      "support": {
        "sign": true,
        "verify": true,
        "iss": true,
        "sub": true,
        "aud": true,
        "exp": true,
        "nbf": true,
        "iat": true,
        "jti": true,
        "hs256": true,
        "hs384": true,
        "hs512": true,
        "rs256": false,
        "rs384": false,
        "rs512": false,
        "es256": true,
        "es384": false,
        "es512": false,
        "ps256": false,
        "ps384": false,
        "ps512": false
      },
      "authorUrl": "https://github.com/blackdoor",
      "authorName": "blackdoor software",
      "gitHubRepoPath": "blackdoor/jose",
      "repoUrl": "https://github.com/blackdoor/jose",
      "installCommandHtml":
        "sbt: libraryDependencies += &quot;black.door&quot; %% &quot;jose&quot; % &quot;0.2.2&quot;\nmill: ivy&quot;black.door::jose:0.2.2&quot;"
    }
  ]
}
