{
  "name": "D",
  "uniqueClass": "d",
  "image": "/img/14.svg",
  "bgColor": "rgb(180, 65, 55)",
  "libs": [
    {
      "minimumVersion": null,
      "support": {
        "sign": true,
        "verify": true,
        "iss": false,
        "sub": false,
        "aud": false,
        "exp": false,
        "nbf": false,
        "iat": false,
        "jti": false,
        "hs256": true,
        "hs384": true,
        "hs512": true,
        "rs256": true,
        "rs384": true,
        "rs512": true,
        "es256": true,
        "es384": true,
        "es512": true,
        "ps256": false,
        "ps384": false,
        "ps512": false
      },
      "authorUrl": "https://github.com/olehlong",
      "authorName": "olehlong",
      "gitHubRepoPath": "olehlong/jwtd",
      "repoUrl": "https://github.com/olehlong/jwtd",
      "installCommandHtml": "dub fetch jwtd"
    },
    {
      "minimumVersion": null,
      "support": {
        "sign": true,
        "verify": true,
        "iss": false,
        "sub": false,
        "aud": false,
        "exp": true,
        "nbf": true,
        "iat": false,
        "jti": false,
        "hs256": true,
        "hs384": true,
        "hs512": true,
        "rs256": false,
        "rs384": false,
        "rs512": false,
        "es256": false,
        "es384": false,
        "es512": false,
        "ps256": false,
        "ps384": false,
        "ps512": false
      },
      "authorUrl": "https://github.com/zolamk",
      "authorName": "zolamk",
      "gitHubRepoPath": "zolamk/jwt",
      "repoUrl": "https://github.com/zolamk/jwt",
      "installCommandHtml": "dub fetch jwt"
    }
  ]
}
