{
  "name": "Clojure",
  "uniqueClass": "clojure",
  "image": "/img/13.svg",
  "bgColor": "rgb(88, 129, 216)",
  "libs": [
    {
      "minimumVersion": null,
      "support": {
        "sign": true,
        "verify": true,
        "iss": true,
        "sub": true,
        "aud": true,
        "exp": true,
        "nbf": true,
        "iat": true,
        "jti": false,
        "hs256": true,
        "hs384": true,
        "hs512": true,
        "rs256": true,
        "rs384": true,
        "rs512": true,
        "es256": true,
        "es384": true,
        "es512": true,
        "ps256": true,
        "ps384": true,
        "ps512": true
      },
      "authorUrl": "https://github.com/niwinz",
      "authorName": "Andrey Antukh",
      "gitHubRepoPath": "funcool/buddy",
      "repoUrl": "https://github.com/funcool/buddy/",
      "installCommandHtml": "lein: [funcool/buddy \"2.0.0\"]"
    }
  ]
}
