{
  "name": "Objective-C",
  "uniqueClass": "objective-c",
  "image": "/img/20.svg",
  "bgColor": "#aaaaaa",
  "libs": [
    {
      "minimumVersion": null,
      "support": {
        "sign": true,
        "verify": true,
        "iss": true,
        "sub": true,
        "aud": true,
        "exp": true,
        "nbf": true,
        "iat": true,
        "jti": true,
        "hs256": true,
        "hs384": true,
        "hs512": true,
        "rs256": true,
        "rs384": true,
        "rs512": true,
        "es256": true,
        "es384": true,
        "es512": true,
        "ps256": false,
        "ps384": false,
        "ps512": false
      },
      "authorUrl": null,
      "authorName": "yourkarma & lolgear",
      "gitHubRepoPath": "yourkarma/JWT",
      "repoUrl": "https://github.com/yourkarma/JWT",
      "installCommandHtml": "pod 'JWT'"
    }
  ]
}
