{
  "name": "Swift",
  "uniqueClass": "swift",
  "image": "/img/15.svg",
  "bgColor": "rgb(234, 45, 46)",
  "libs": [
    {
      "minimumVersion": null,
      "support": {
        "sign": true,
        "verify": true,
        "iss": true,
        "sub": false,
        "aud": true,
        "exp": true,
        "nbf": true,
        "iat": true,
        "jti": false,
        "hs256": true,
        "hs384": true,
        "hs512": true,
        "rs256": false,
        "rs384": false,
        "rs512": false,
        "es256": false,
        "es384": false,
        "es512": false,
        "ps256": false,
        "ps384": false,
        "ps512": false
      },
      "authorUrl": "https://github.com/kylef",
      "authorName": "Kyle Fuller",
      "gitHubRepoPath": "kylef/JSONWebToken.swift",
      "repoUrl": "https://github.com/kylef/JSONWebToken.swift",
      "installCommandHtml": "pod 'JSONWebToken'"
    },
    {
      "minimumVersion": null,
      "support": {
        "sign": true,
        "verify": true,
        "iss": true,
        "sub": true,
        "aud": true,
        "exp": true,
        "nbf": true,
        "iat": true,
        "jti": true,
        "hs256": true,
        "hs384": true,
        "hs512": true,
        "rs256": true,
        "rs384": true,
        "rs512": true,
        "es256": false,
        "es384": false,
        "es512": false,
        "ps256": false,
        "ps384": false,
        "ps512": false
      },
      "authorUrl": "https://github.com/siemensikkema",
      "authorName": "Siemen Sikkema",
      "gitHubRepoPath": "vapor/jwt",
      "repoUrl": "https://github.com/vapor/jwt",
      "installCommandHtml":
        ".Package(url:\"https://github.com/vapor/jwt.git\", majorVersion: 1)"
    },
    {
      "minimumVersion": null,
      "support": {
        "sign": true,
        "verify": true,
        "iss": true,
        "sub": true,
        "aud": true,
        "exp": true,
        "nbf": true,
        "iat": true,
        "jti": true,
        "hs256": true,
        "hs384": true,
        "hs512": true,
        "rs256": true,
        "rs384": true,
        "rs512": true,
        "es256": false,
        "es384": false,
        "es512": false,
        "ps256": false,
        "ps384": false,
        "ps512": false
      },
      "authorUrl": "https://github.com/Wstunes",
      "authorName": "Wstunes",
      "gitHubRepoPath": "Wstunes/SwiftyJWT",
      "repoUrl": "https://github.com/Wstunes/SwiftyJWT",
      "installCommandHtml": "pod 'SwiftyJWT'"
    },
    {
      "minimumVersion": null,
      "support": {
        "sign": true,
        "verify": true,
        "iss": true,
        "sub": true,
        "aud": true,
        "exp": true,
        "nbf": true,
        "iat": true,
        "jti": true,
        "hs256": true,
        "hs384": true,
        "hs512": true,
        "rs256": true,
        "rs384": true,
        "rs512": true,
        "es256": true,
        "es384": true,
        "es512": true,
        "ps256": true,
        "ps384": true,
        "ps512": true
      },
      "authorUrl": "https://github.com/IBM-Swift",
      "authorName": "IBM Swift",
      "gitHubRepoPath": "IBM-Swift/Swift-JWT",
      "repoUrl": "https://github.com/IBM-Swift/Swift-JWT",
      "installCommandHtml":
        ".package(url:\"https://github.com/IBM-Swift/Swift-JWT\", from: \"3.5.0\")"
    }
  ]
}
