{
  "name": "Node.js",
  "uniqueClass": "node",
  "image": "/img/2.svg",
  "bgColor": "rgb(138, 194, 68)",
  "libs": [
    {
      "minimumVersion": "4.2.2",
      "support": {
        "sign": true,
        "verify": true,
        "iss": true,
        "sub": true,
        "aud": true,
        "exp": true,
        "nbf": true,
        "iat": true,
        "jti": true,
        "hs256": true,
        "hs384": true,
        "hs512": true,
        "rs256": true,
        "rs384": true,
        "rs512": true,
        "es256": true,
        "es384": true,
        "es512": true,
        "ps256": true,
        "ps384": true,
        "ps512": true,
        "eddsa": false
      },
      "authorUrl": "https://github.com/auth0",
      "authorName": "Auth0",
      "gitHubRepoPath": "auth0/node-jsonwebtoken",
      "repoUrl": "https://github.com/auth0/node-jsonwebtoken",
      "installCommandHtml": "npm install jsonwebtoken"
    },
    {
      "minimumVersion": null,
      "support": {
        "sign": true,
        "verify": true,
        "iss": true,
        "sub": true,
        "aud": true,
        "exp": true,
        "nbf": true,
        "iat": true,
        "jti": true,
        "hs256": true,
        "hs384": true,
        "hs512": true,
        "rs256": true,
        "rs384": true,
        "rs512": true,
        "es256": true,
        "es384": true,
        "es512": true,
        "ps256": true,
        "ps384": true,
        "ps512": true,
        "eddsa": true
      },
      "authorUrl": "https://github.com/panva",
      "authorName": "Filip Skokan",
      "gitHubRepoPath": "panva/jose",
      "repoUrl": "https://github.com/panva/jose",
      "installCommandHtml": "npm install jose"
    }
  ]
}
