{
  "name": "kdb+/Q",
  "uniqueClass": "q",
  "image": "/img/q.svg",
  "bgColor": "rgb(102, 102, 102)",
  "libs": [
    {
      "minimumVersion": null,
      "support": {
        "sign": true,
        "verify": true,
        "iss": false,
        "sub": false,
        "aud": false,
        "exp": false,
        "nbf": false,
        "iat": false,
        "jti": false,
        "hs256": true,
        "hs384": true,
        "hs512": true,
        "rs256": false,
        "rs384": false,
        "rs512": false,
        "es256": false,
        "es384": false,
        "es512": false,
        "ps256": false,
        "ps384": false,
        "ps512": false
      },
      "authorUrl": "https://github.com/tjcelaya",
      "authorName": "tjcelaya",
      "gitHubRepoPath": "tjcelaya/jwt.q",
      "repoUrl": "https://github.com/tjcelaya/jwt.q",
      "installCommandHtml": "git clone https://github.com/tjcelaya/jwt.q"
    }
  ]
}
