{
  "name": "Delphi",
  "uniqueClass": "delphi",
  "image": "/img/17.svg",
  "bgColor": "rgb(227, 28, 35)",
  "libs": [
    {
      "minimumVersion": null,
      "support": {
        "sign": true,
        "verify": true,
        "iss": true,
        "sub": true,
        "aud": true,
        "exp": true,
        "nbf": true,
        "iat": true,
        "jti": true,
        "hs256": true,
        "hs384": true,
        "hs512": true,
        "rs256": true,
        "rs384": true,
        "rs512": true,
        "es256": false,
        "es384": false,
        "es512": false,
        "ps256": false,
        "ps384": false,
        "ps512": false
      },
      "authorUrl": "https://github.com/paolo-rossi",
      "authorName": "Paolo Rossi",
      "gitHubRepoPath": "paolo-rossi/delphi-jose-jwt",
      "repoUrl": "https://github.com/paolo-rossi/delphi-jose-jwt",
      "installCommandHtml":
        "git clone https://github.com/paolo-rossi/delphi-jose-jwt"
    },
    {
      "minimumVersion": null,
      "support": {
        "sign": true,
        "verify": true,
        "iss": true,
        "sub": true,
        "aud": true,
        "exp": true,
        "nbf": true,
        "iat": true,
        "jti": true,
        "hs256": true,
        "hs384": false,
        "hs512": false,
        "rs256": false,
        "rs384": false,
        "rs512": false,
        "es256": true,
        "es384": false,
        "es512": false,
        "ps256": false,
        "ps384": false,
        "ps512": false
      },
      "authorUrl": "https://github.com/synopse",
      "authorName": "Synopse",
      "gitHubRepoPath": "synopse/mORMot",
      "repoUrl": "https://github.com/synopse/mORMot",
      "installCommandHtml": "git clone https://github.com/synopse/mORMot"
    }
  ]
}
