{
  "name": "PHP",
  "uniqueClass": "php",
  "image": "/img/5.svg",
  "bgColor": "rgb(119, 123, 180)",
  "libs": [
    {
      "minimumVersion": "2.0.0",
      "support": {
        "sign": true,
        "verify": true,
        "iss": true,
        "sub": false,
        "aud": false,
        "exp": true,
        "nbf": true,
        "iat": true,
        "jti": false,
        "hs256": true,
        "hs384": true,
        "hs512": true,
        "rs256": true,
        "rs384": true,
        "rs512": true,
        "es256": false,
        "es384": false,
        "es512": false,
        "ps256": false,
        "ps384": false,
        "ps512": false
      },
      "authorUrl": "https://github.com/firebase",
      "authorName": "Firebase",
      "gitHubRepoPath": "firebase/php-jwt",
      "repoUrl": "https://github.com/firebase/php-jwt",
      "installCommandHtml": "composer require firebase/php-jwt"
    },
    {
      "minimumVersion": "3.0.0",
      "support": {
        "sign": true,
        "verify": true,
        "iss": true,
        "sub": true,
        "aud": true,
        "exp": true,
        "nbf": true,
        "iat": true,
        "jti": true,
        "hs256": true,
        "hs384": true,
        "hs512": true,
        "rs256": true,
        "rs384": true,
        "rs512": true,
        "es256": true,
        "es384": true,
        "es512": true,
        "ps256": false,
        "ps384": false,
        "ps512": false
      },
      "authorUrl": "https://github.com/lcobucci",
      "authorName": "Luís Cobucci",
      "gitHubRepoPath": "lcobucci/jwt",
      "repoUrl": "https://github.com/lcobucci/jwt",
      "installCommandHtml": "composer require lcobucci/jwt"
    },
    {
      "minimumVersion": null,
      "support": {
        "sign": true,
        "verify": true,
        "iss": true,
        "sub": true,
        "aud": true,
        "exp": true,
        "nbf": true,
        "iat": true,
        "jti": false,
        "hs256": true,
        "hs384": true,
        "hs512": true,
        "rs256": true,
        "rs384": true,
        "rs512": true,
        "es256": false,
        "es384": false,
        "es512": false,
        "ps256": false,
        "ps384": false,
        "ps512": false
      },
      "authorUrl": "https://github.com/emarref",
      "authorName": "Emarref",
      "gitHubRepoPath": "emarref/jwt",
      "repoUrl": "https://github.com/emarref/jwt",
      "installCommandHtml": "composer require emarref/jwt"
    },
    {
      "minimumVersion": null,
      "support": {
        "sign": true,
        "verify": true,
        "iss": true,
        "sub": true,
        "aud": true,
        "exp": true,
        "nbf": true,
        "iat": true,
        "jti": true,
        "hs256": true,
        "hs384": true,
        "hs512": true,
        "rs256": true,
        "rs384": true,
        "rs512": true,
        "es256": true,
        "es384": true,
        "es512": true,
        "ps256": true,
        "ps384": true,
        "ps512": true
      },
      "authorUrl": "https://github.com/Spomky-Labs/jose",
      "authorName": "Spomky",
      "gitHubRepoPath": "Spomky-Labs/jose",
      "repoUrl": "https://github.com/Spomky-Labs/jose",
      "installCommandHtml": "composer require spomky-labs/jose"
    },
    {
      "minimumVersion": null,
      "support": {
        "sign": true,
        "verify": true,
        "iss": false,
        "sub": false,
        "aud": false,
        "exp": false,
        "nbf": false,
        "iat": false,
        "jti": false,
        "hs256": true,
        "hs384": true,
        "hs512": true,
        "rs256": true,
        "rs384": true,
        "rs512": true,
        "es256": false,
        "es384": false,
        "es512": false,
        "ps256": true,
        "ps384": true,
        "ps512": true
      },
      "authorUrl": "https://github.com/nov",
      "authorName": "Nov Matake",
      "gitHubRepoPath": "nov/jose-php",
      "repoUrl": "https://github.com/nov/jose-php",
      "installCommandHtml": "composer require gree/jose"
    },
    {
      "minimumVersion": null,
      "support": {
        "sign": true,
        "verify": true,
        "iss": true,
        "sub": true,
        "aud": true,
        "exp": true,
        "nbf": true,
        "iat": true,
        "jti": true,
        "hs256": true,
        "hs384": true,
        "hs512": true,
        "rs256": true,
        "rs384": true,
        "rs512": true,
        "es256": true,
        "es384": true,
        "es512": true,
        "ps256": true,
        "ps384": true,
        "ps512": true, 
        "eddsa": true
      },
      "authorUrl": "https://github.com/Spomky",
      "authorName": "Spomky",
      "gitHubRepoPath": "web-token/jwt-framework",
      "repoUrl": "https://github.com/web-token/jwt-framework",
      "installCommandHtml": "composer require web-token/jwt-framework"
    },
    {
      "minimumVersion": null,
      "support": {
        "sign": true,
        "verify": true,
        "iss": true,
        "sub": false,
        "aud": true,
        "exp": true,
        "nbf": true,
        "iat": true,
        "jti": false,
        "hs256": true,
        "hs384": true,
        "hs512": true,
        "rs256": false,
        "rs384": false,
        "rs512": false,
        "es256": false,
        "es384": false,
        "es512": false
      },
      "authorUrl": "https://github.com/vaibhavpandeyvpz",
      "authorName": "Vaibhav Pandey",
      "gitHubRepoPath": "vaibhavpandeyvpz/jweety",
      "repoUrl": "https://github.com/vaibhavpandeyvpz/jweety",
      "installCommandHtml": "composer require vaibhavpandeyvpz/jweety"
    },
    {
      "minimumVersion": null,
      "support": {
        "sign": true,
        "verify": true,
        "iss": false,
        "sub": false,
        "aud": true,
        "exp": true,
        "nbf": true,
        "iat": true,
        "jti": false,
        "hs256": true,
        "hs384": true,
        "hs512": true,
        "rs256": true,
        "rs384": true,
        "rs512": true,
        "es256": false,
        "es384": false,
        "es512": false,
        "ps256": false,
        "ps384": false,
        "ps512": false
      },
      "authorUrl": "https://github.com/lindelius",
      "authorName": "Tom Lindelius",
      "gitHubRepoPath": "lindelius/php-jwt",
      "repoUrl": "https://github.com/lindelius/php-jwt",
      "installCommandHtml": "composer require lindelius/php-jwt"
    },
    {
      "minimumVersion": null,
      "support": {
        "sign": true,
        "verify": true,
        "iss": true,
        "sub": true,
        "aud": true,
        "exp": true,
        "nbf": true,
        "iat": true,
        "jti": true,
        "hs256": true,
        "hs384": true,
        "hs512": true,
        "rs256": true,
        "rs384": true,
        "rs512": true,
        "es256": true,
        "es384": true,
        "es512": true,
        "ps256": false,
        "ps384": false,
        "ps512": false
      },
      "authorUrl": "https://github.com/cdoco",
      "authorName": "ZiHang Gao",
      "gitHubRepoPath": "cdoco/php-jwt",
      "repoUrl": "https://github.com/cdoco/php-jwt",
      "installCommandHtml": "git clone https://github.com/cdoco/php-jwt"
    },
    {
      "minimumVersion": null,
      "support": {
        "sign": true,
        "verify": true,
        "iss": true,
        "sub": false,
        "aud": false,
        "exp": true,
        "nbf": true,
        "iat": true,
        "jti": false,
        "hs256": true,
        "hs384": true,
        "hs512": true,
        "rs256": true,
        "rs384": true,
        "rs512": true,
        "es256": false,
        "es384": false,
        "es512": false,
        "ps256": false,
        "ps384": false,
        "ps512": false
      },
      "authorUrl": "https://github.com/adhocore",
      "authorName": "Jitendra Adhikari",
      "gitHubRepoPath": "adhocore/jwt",
      "repoUrl": "https://github.com/adhocore/jwt",
      "installCommandHtml": "composer require adhocore/jwt"
    },
    {
      "minimumVersion": null,
      "support": {
        "sign": true,
        "verify": true,
        "iss": true,
        "sub": true,
        "aud": true,
        "exp": true,
        "nbf": true,
        "iat": true,
        "jti": true,
        "hs256": true,
        "hs384": true,
        "hs512": true,
        "rs256": true,
        "rs384": true,
        "rs512": true,
        "es256": false,
        "es384": false,
        "es512": false,
        "ps256": false,
        "ps384": false,
        "ps512": false
      },
      "authorUrl": "https://github.com/miladrahimi",
      "authorName": "Milad Rahimi",
      "gitHubRepoPath": "miladrahimi/php-jwt",
      "repoUrl": "https://github.com/miladrahimi/php-jwt",
      "installCommandHtml": "composer require miladrahimi/php-jwt"
    },
    {
      "minimumVersion": "7.2.1",
      "support": {
        "sign": true,
        "verify": true,
        "iss": true,
        "sub": true,
        "aud": true,
        "exp": true,
        "nbf": true,
        "iat": true,
        "jti": true,
        "hs256": true,
        "hs384": true,
        "hs512": true,
        "rs256": true,
        "rs384": true,
        "rs512": true,
        "es256": false,
        "es384": false,
        "es512": false
      },
      "authorUrl": "https://github.com/nowakowskir",
      "authorName": "Radosław Nowakowski",
      "gitHubRepoPath": "nowakowskir/php-jwt",
      "repoUrl": "https://github.com/nowakowskir/php-jwt",
      "installCommandHtml": "composer require nowakowskir/php-jwt"
    }
  ]
}
