{
  "name": "Crystal",
  "uniqueClass": "crystal",
  "image": "/img/21.svg",
  "bgColor": "rgb(176, 176, 176)",
  "libs": [
    {
      "minimumVersion": null,
      "support": {
        "sign": true,
        "verify": true,
        "iss": true,
        "sub": true,
        "aud": true,
        "exp": true,
        "nbf": true,
        "iat": true,
        "jti": true,
        "hs256": true,
        "hs384": true,
        "hs512": true,
        "rs256": true,
        "rs384": true,
        "rs512": true,
        "es256": false,
        "es384": false,
        "es512": false,
        "ps256": false,
        "ps384": false,
        "ps512": false
      },
      "authorUrl": "https://github.com/greyblake",
      "authorName": "Sergey Potapov",
      "gitHubRepoPath": "crystal-community/jwt",
      "repoUrl": "https://github.com/crystal-community/jwt",
      "installCommandHtml":
        "git clone https://github.com/crystal-community/jwt.git"
    }
  ]
}
