{
  "name": "1C",
  "uniqueClass": "_1c",
  "image": "/img/22.svg",
  "bgColor": "rgb(251, 197, 61)",
  "libs": [
    {
      "minimumVersion": null,
      "support": {
        "sign": true,
        "verify": true,
        "iss": false,
        "sub": false,
        "aud": false,
        "exp": false,
        "nbf": false,
        "iat": false,
        "jti": false,
        "hs256": true,
        "hs384": false,
        "hs512": false,
        "rs256": false,
        "rs384": false,
        "rs512": false,
        "es256": false,
        "es384": false,
        "es512": false,
        "ps256": false,
        "ps384": false,
        "ps512": false
      },
      "authorUrl": "https://github.com/pintov",
      "authorName": "Vasily Pintov",
      "gitHubRepoPath": "pintov/1c-jwt",
      "repoUrl": "https://github.com/pintov/1c-jwt",
      "installCommandHtml": "git clone https://github.com/pintov/1c-jwt"
    }
  ]
}
