{
  "name": "PostgreSQL",
  "uniqueClass": "postgresql",
  "image": "/img/25.svg",
  "bgColor": "rgb(51, 103, 145)",
  "libs": [
    {
      "minimumVersion": null,
      "support": {
        "sign": true,
        "verify": true,
        "iss": false,
        "sub": false,
        "aud": false,
        "exp": false,
        "nbf": false,
        "iat": false,
        "jti": false,
        "hs256": true,
        "hs384": true,
        "hs512": true,
        "rs256": false,
        "rs384": false,
        "rs512": false,
        "es256": false,
        "es384": false,
        "es512": false,
        "ps256": false,
        "ps384": false,
        "ps512": false
      },
      "authorUrl": "https://github.com/michelp",
      "authorName": "Michel Pelletier",
      "gitHubRepoPath": "michelp/pgjwt",
      "repoUrl": "https://github.com/michelp/pgjwt",
      "installCommandHtml": "CREATE EXTENSION pgjwt;"
    }
  ]
}
