{
  "name": "Java",
  "uniqueClass": "java",
  "image": "/img/3.svg",
  "bgColor": "rgb(231, 111, 0)",
  "libs": [
    {
      "minimumVersion": null,
      "support": {
        "sign": true,
        "verify": true,
        "iss": true,
        "sub": true,
        "aud": true,
        "exp": true,
        "nbf": true,
        "iat": true,
        "jti": true,
        "hs256": true,
        "hs384": true,
        "hs512": true,
        "rs256": true,
        "rs384": true,
        "rs512": true,
        "es256": true,
        "es384": true,
        "es512": true,
        "ps256": false,
        "ps384": false,
        "ps512": false
      },
      "authorUrl": "https://github.com/auth0",
      "authorName": "Auth0",
      "gitHubRepoPath": "auth0/java-jwt",
      "repoUrl": "https://github.com/auth0/java-jwt",
      "installCommandHtml": "maven: com.auth0 / java-jwt / 3.3.0"
    },
    {
      "minimumVersion": null,
      "support": {
        "sign": true,
        "verify": true,
        "iss": true,
        "sub": true,
        "aud": true,
        "exp": true,
        "nbf": true,
        "iat": true,
        "jti": true,
        "hs256": true,
        "hs384": true,
        "hs512": true,
        "rs256": true,
        "rs384": true,
        "rs512": true,
        "es256": true,
        "es384": true,
        "es512": true,
        "ps256": true,
        "ps384": true,
        "ps512": true
      },
      "authorUrl": "https://twitter.com/__b_c",
      "authorName": "Brian Campbell",
      "gitHubRepoPath": null,
      "repoUrl": "https://bitbucket.org/b_c/jose4j",
      "installCommandHtml": "maven: org.bitbucket.b_c / jose4j / 0.6.3"
    },
    {
      "minimumVersion": null,
      "support": {
        "sign": true,
        "verify": true,
        "iss": true,
        "sub": false,
        "aud": true,
        "exp": true,
        "nbf": false,
        "iat": false,
        "jti": false,
        "hs256": true,
        "hs384": true,
        "hs512": true,
        "rs256": true,
        "rs384": true,
        "rs512": true,
        "es256": true,
        "es384": true,
        "es512": true,
        "ps256": true,
        "ps384": true,
        "ps512": true
      },
      "authorUrl": "https://github.com/connect2id",
      "authorName": "connect2id",
      "gitHubRepoPath": null,
      "repoUrl": "https://bitbucket.org/connect2id/nimbus-jose-jwt",
      "installCommandHtml": "maven: com.nimbusds / nimbus-jose-jwt / 5.7"
    },
    {
      "minimumVersion": null,
      "support": {
        "sign": true,
        "verify": true,
        "iss": true,
        "sub": true,
        "aud": true,
        "exp": true,
        "nbf": true,
        "iat": true,
        "jti": true,
        "hs256": true,
        "hs384": true,
        "hs512": true,
        "rs256": true,
        "rs384": true,
        "rs512": true,
        "es256": true,
        "es384": true,
        "es512": true,
        "ps256": true,
        "ps384": true,
        "ps512": true
      },
      "authorUrl": "https://twitter.com/lhazlewood",
      "authorName": "Les Hazlewood",
      "gitHubRepoPath": "jwtk/jjwt",
      "repoUrl": "https://github.com/jwtk/jjwt",
      "installCommandHtml": "maven: io.jsonwebtoken / jjwt / 0.9.0"
    },
    {
      "minimumVersion": null,
      "support": {
        "sign": true,
        "verify": true,
        "iss": true,
        "sub": true,
        "aud": true,
        "exp": true,
        "nbf": true,
        "iat": true,
        "jti": true,
        "hs256": true,
        "hs384": true,
        "hs512": true,
        "rs256": true,
        "rs384": true,
        "rs512": true,
        "es256": true,
        "es384": true,
        "es512": true,
        "ps256": false,
        "ps384": false,
        "ps512": false
      },
      "authorUrl": "https://github.com/fusionauth",
      "authorName": "FusionAuth",
      "gitHubRepoPath": "fusionauth/fusionauth-jwt",
      "repoUrl": "https://github.com/fusionauth/fusionauth-jwt",
      "installCommandHtml": "maven: io.fusionauth / fusionauth-jwt / 3.1.0"
    },
    {
      "minimumVersion": null,
      "support": {
        "sign": true,
        "verify": true,
        "iss": true,
        "sub": true,
        "aud": true,
        "exp": true,
        "nbf": true,
        "iat": true,
        "jti": false,
        "hs256": true,
        "hs384": true,
        "hs512": true,
        "rs256": true,
        "rs384": true,
        "rs512": true,
        "es256": true,
        "es384": true,
        "es512": true
      },
      "authorUrl": "https://github.com/vert-x3",
      "authorName": "Vert.x",
      "gitHubRepoPath": "vert-x3/vertx-auth",
      "repoUrl": "https://github.com/vert-x3/vertx-auth",
      "installCommandHtml": "maven: io.vertx / vertx-auth-jwt / 3.5.1"
    }
  ]
}
