{
  "name": "JavaScript",
  "uniqueClass": "js",
  "image": "/img/6.svg",
  "bgColor": "rgb(239, 200, 37)",
  "libs": [
    {
      "minimumVersion": "3.2.0",
      "support": {
        "sign": true,
        "verify": true,
        "iss": true,
        "sub": true,
        "aud": true,
        "exp": true,
        "nbf": true,
        "iat": true,
        "jti": true,
        "hs256": true,
        "hs384": true,
        "hs512": true,
        "rs256": true,
        "rs384": true,
        "rs512": true,
        "es256": true,
        "es384": true,
        "es512": false
      },
      "authorUrl": "https://github.com/kjur",
      "authorName": "Kenji Urushima",
      "gitHubRepoPath": "kjur/jsrsasign",
      "repoUrl": "https://github.com/kjur/jsrsasign",
      "installCommandHtml": "npm install jsrsasign"
    },
    {
      "minimumVersion": null,
      "support": {
        "sign": true,
        "verify": true,
        "iss": false,
        "sub": false,
        "aud": false,
        "exp": false,
        "nbf": false,
        "iat": false,
        "jti": false,
        "hs256": true,
        "hs384": true,
        "hs512": true,
        "rs256": true,
        "rs384": true,
        "rs512": true,
        "es256": true,
        "es384": true,
        "es512": true,
        "ps256": true,
        "ps384": true,
        "ps512": true
      },
      "authorUrl": "https://github.com/square",
      "authorName": "Square, Inc.",
      "gitHubRepoPath": "square/js-jose",
      "repoUrl": "https://github.com/square/js-jose",
      "installCommandHtml": "npm install jose-jwe-jws"
    },
    {
      "minimumVersion": "0.9.4",
      "support": {
        "sign": true,
        "verify": true,
        "iss": false,
        "sub": false,
        "aud": false,
        "exp": false,
        "nbf": false,
        "iat": false,
        "jti": false,
        "hs256": true,
        "hs384": true,
        "hs512": true,
        "rs256": true,
        "rs384": true,
        "rs512": true,
        "es256": true,
        "es384": true,
        "es512": true,
        "ps256": true,
        "ps384": true,
        "ps512": true,
        "eddsa": false
      },
      "authorUrl": "https://github.com/cisco",
      "authorName": "Cisco Systems",
      "gitHubRepoPath": "cisco/node-jose",
      "repoUrl": "https://github.com/cisco/node-jose",
      "installCommandHtml": "npm install node-jose"
    }
  ]
}
