{
  "name": "Perl",
  "uniqueClass": "perl",
  "image": "/img/19.svg",
  "bgColor": "rgb(59, 71, 122)",
  "libs": [
    {
      "minimumVersion": null,
      "support": {
        "sign": true,
        "verify": true,
        "iss": true,
        "sub": true,
        "aud": true,
        "exp": true,
        "nbf": true,
        "iat": true,
        "jti": true,
        "hs256": true,
        "hs384": true,
        "hs512": true,
        "rs256": true,
        "rs384": true,
        "rs512": true,
        "es256": true,
        "es384": true,
        "es512": true,
        "ps256": true,
        "ps384": true,
        "ps512": true
      },
      "authorUrl": "https://github.com/DCIT",
      "authorName": "Karel Miko",
      "gitHubRepoPath": "DCIT/perl-Crypt-JWT",
      "repoUrl": "https://github.com/DCIT/perl-Crypt-JWT",
      "installCommandHtml": "cpanm Crypt::JWT"
    }
  ]
}
