{
  "name": "Ruby",
  "uniqueClass": "ruby",
  "image": "/img/7.svg",
  "bgColor": "rgb(170, 17, 0)",
  "libs": [
    {
      "minimumVersion": null,
      "support": {
        "sign": true,
        "verify": true,
        "iss": true,
        "sub": true,
        "aud": true,
        "exp": true,
        "nbf": true,
        "iat": true,
        "jti": true,
        "hs256": true,
        "hs384": true,
        "hs512": true,
        "rs256": true,
        "rs384": true,
        "rs512": true,
        "es256": true,
        "es384": true,
        "es512": true,
        "ps256": true,
        "ps384": true,
        "ps512": true
      },
      "authorUrl": null,
      "authorName": "Lindsay & Rudat",
      "gitHubRepoPath": "progrium/ruby-jwt",
      "repoUrl": "https://github.com/progrium/ruby-jwt",
      "installCommandHtml": "gem install jwt"
    },
    {
      "minimumVersion": null,
      "support": {
        "sign": true,
        "verify": true,
        "iss": false,
        "sub": false,
        "aud": false,
        "exp": false,
        "nbf": false,
        "iat": false,
        "jti": false,
        "hs256": true,
        "hs384": true,
        "hs512": true,
        "rs256": true,
        "rs384": true,
        "rs512": true,
        "es256": true,
        "es384": true,
        "es512": true,
        "ps256": false,
        "ps384": false,
        "ps512": false
      },
      "authorUrl": null,
      "authorName": "Fleshman",
      "gitHubRepoPath": "garyf/json_web_token",
      "repoUrl": "https://github.com/garyf/json_web_token",
      "installCommandHtml": "gem install json_web_token"
    },
    {
      "minimumVersion": null,
      "support": {
        "sign": true,
        "verify": true,
        "iss": false,
        "sub": false,
        "aud": false,
        "exp": false,
        "nbf": false,
        "iat": false,
        "jti": false,
        "hs256": true,
        "hs384": true,
        "hs512": true,
        "rs256": true,
        "rs384": true,
        "rs512": true,
        "es256": true,
        "es384": true,
        "es512": true,
        "ps256": true,
        "ps384": true,
        "ps512": true
      },
      "authorUrl": "https://github.com/nov",
      "authorName": "Nov Matake",
      "gitHubRepoPath": "nov/json-jwt",
      "repoUrl": "https://github.com/nov/json-jwt",
      "installCommandHtml": "gem install json-jwt"
    },
    {
      "minimumVersion": null,
      "support": {
        "sign": true,
        "verify": true,
        "iss": false,
        "sub": false,
        "aud": false,
        "exp": false,
        "nbf": false,
        "iat": false,
        "jti": false,
        "hs256": true,
        "hs384": true,
        "hs512": true,
        "rs256": true,
        "rs384": true,
        "rs512": true,
        "es256": true,
        "es384": true,
        "es512": true
      },
      "authorUrl": "https://github.com/potatosalad",
      "authorName": "Andrew Bennett",
      "gitHubRepoPath": "potatosalad/ruby-jose",
      "repoUrl": "https://github.com/potatosalad/ruby-jose",
      "installCommandHtml": "gem install jose"
    }
  ]
}
