{
  "name": "Elixir",
  "uniqueClass": "elixir",
  "image": "/img/18.svg",
  "bgColor": "rgb(78, 42, 142)",
  "libs": [
    {
      "minimumVersion": null,
      "support": {
        "sign": true,
        "verify": true,
        "iss": true,
        "sub": true,
        "aud": true,
        "exp": true,
        "nbf": true,
        "iat": true,
        "jti": true,
        "hs256": true,
        "hs384": true,
        "hs512": true,
        "rs256": true,
        "rs384": true,
        "rs512": true,
        "es256": true,
        "es384": true,
        "es512": true,
        "ps256": false,
        "ps384": false,
        "ps512": false
      },
      "authorUrl": null,
      "authorName": "Fleshman",
      "gitHubRepoPath": "garyf/json_web_token_ex",
      "repoUrl": "https://github.com/garyf/json_web_token_ex",
      "installCommandHtml":
        "defp deps, do: [{:json_web_token, \"~&gt; 0.2.5\"}]"
    },
    {
      "minimumVersion": null,
      "support": {
        "sign": true,
        "verify": true,
        "iss": true,
        "sub": true,
        "aud": true,
        "exp": true,
        "nbf": true,
        "iat": true,
        "jti": true,
        "hs256": true,
        "hs384": true,
        "hs512": true,
        "rs256": true,
        "rs384": true,
        "rs512": true,
        "es256": true,
        "es384": true,
        "es512": true,
        "ps256": true,
        "ps384": true,
        "ps512": true
      },
      "authorUrl": null,
      "authorName": "bryanjos",
      "gitHubRepoPath": "bryanjos/joken",
      "repoUrl": "https://github.com/bryanjos/joken",
      "installCommandHtml": "defp deps, do: [{:joken, \"~&gt; 1.2\"}]"
    },
    {
      "minimumVersion": null,
      "support": {
        "sign": true,
        "verify": true,
        "iss": true,
        "sub": true,
        "aud": true,
        "exp": true,
        "nbf": true,
        "iat": true,
        "jti": true,
        "hs256": true,
        "hs384": true,
        "hs512": true,
        "rs256": true,
        "rs384": true,
        "rs512": true,
        "es256": true,
        "es384": true,
        "es512": true
      },
      "authorUrl": null,
      "authorName": "hassox",
      "gitHubRepoPath": "ueberauth/guardian",
      "repoUrl": "https://github.com/ueberauth/guardian",
      "installCommandHtml": "defp deps, do: [{:guardian, \"~&gt; 1.0    \"}]"
    }
  ]
}
