{
  "name": "Erlang",
  "uniqueClass": "erlang",
  "image": "/img/27.svg",
  "bgColor": "rgb(169, 5, 51)",
  "libs": [
    {
      "minimumVersion": null,
      "support": {
        "sign": true,
        "verify": true,
        "iss": true,
        "sub": true,
        "aud": true,
        "exp": true,
        "nbf": true,
        "iat": true,
        "jti": true,
        "hs256": true,
        "hs384": true,
        "hs512": true,
        "rs256": true,
        "rs384": true,
        "rs512": true,
        "es256": true,
        "es384": true,
        "es512": true,
        "ps256": false,
        "ps384": false,
        "ps512": false
      },
      "authorUrl": "https://github.com/glejeune",
      "authorName": "Gregoire Lejeune",
      "gitHubRepoPath": "G-Corp/jwerl",
      "repoUrl": "https://github.com/G-Corp/jwerl",
      "installCommandHtml": "git clone https://github.com/G-Corp/jwerl.git"
    }
  ]
}
