{
  "name": "Go",
  "uniqueClass": "go",
  "image": "/img/8.svg",
  "bgColor": "rgb(71, 182, 196)",
  "libs": [
    {
      "minimumVersion": null,
      "support": {
        "sign": true,
        "verify": true,
        "iss": false,
        "sub": false,
        "aud": false,
        "exp": true,
        "nbf": true,
        "iat": false,
        "jti": false,
        "hs256": true,
        "hs384": true,
        "hs512": true,
        "rs256": true,
        "rs384": true,
        "rs512": true,
        "es256": true,
        "es384": true,
        "es512": true,
        "ps256": false,
        "ps384": false,
        "ps512": false
      },
      "authorUrl": "https://github.com/dgrijalva",
      "authorName": "dgrijalva",
      "gitHubRepoPath": "dgrijalva/jwt-go",
      "repoUrl": "https://github.com/dgrijalva/jwt-go",
      "installCommandHtml": "go get <a href=\"https://godoc.org/github.com/dgrijalva/jwt-go\">github.com/dgrijalva/jwt-go</a>"
    },
    {
      "minimumVersion": null,
      "support": {
        "sign": true,
        "verify": true,
        "iss": false,
        "sub": false,
        "aud": false,
        "exp": false,
        "nbf": false,
        "iat": false,
        "jti": false,
        "hs256": true,
        "hs384": true,
        "hs512": true,
        "rs256": true,
        "rs384": true,
        "rs512": true,
        "es256": true,
        "es384": true,
        "es512": true,
        "ps256": true,
        "ps384": true,
        "ps512": true
      },
      "authorUrl": "https://github.com/dvsekhvalnov/jose2go",
      "authorName": "DV",
      "gitHubRepoPath": "dvsekhvalnov/jose2go",
      "repoUrl": "https://github.com/dvsekhvalnov/jose2go",
      "installCommandHtml": "go get <a href=\"https://godoc.org/github.com/dvsekhvalnov/jose2go\">github.com/dvsekhvalnov/jose2go</a>"
    },
    {
      "minimumVersion": null,
      "support": {
        "sign": true,
        "verify": true,
        "iss": true,
        "sub": true,
        "aud": true,
        "exp": true,
        "nbf": true,
        "iat": true,
        "jti": true,
        "hs256": true,
        "hs384": true,
        "hs512": true,
        "rs256": true,
        "rs384": true,
        "rs512": true,
        "es256": true,
        "es384": true,
        "es512": true,
        "ps256": true,
        "ps384": true,
        "ps512": true
      },
      "authorUrl": "https://github.com/SermoDigital/jose",
      "authorName": "SermoDigital",
      "gitHubRepoPath": "SermoDigital/jose",
      "repoUrl": "https://github.com/SermoDigital/jose",
      "installCommandHtml": "go get <a href=\"https://godoc.org/github.com/SermoDigital/jose\">github.com/SermoDigital/jose</a>"
    },
    {
      "minimumVersion": null,
      "support": {
        "sign": true,
        "verify": true,
        "iss": false,
        "sub": false,
        "aud": false,
        "exp": true,
        "nbf": true,
        "iat": true,
        "jti": false,
        "hs256": true,
        "hs384": false,
        "hs512": true,
        "rs256": false,
        "rs384": false,
        "rs512": false,
        "es256": false,
        "es384": false,
        "es512": false,
        "ps256": false,
        "ps384": false,
        "ps512": false
      },
      "authorUrl": "https://github.com/robbert229",
      "authorName": "robbert229",
      "gitHubRepoPath": "robbert229/jwt",
      "repoUrl": "https://github.com/robbert229/jwt",
      "installCommandHtml": "go get <a href=\"https://godoc.org/github.com/robbert229/jwt\">github.com/robbert229/jwt</a>"
    },
    {
      "minimumVersion": null,
      "support": {
        "sign": true,
        "verify": true,
        "iss": false,
        "sub": false,
        "aud": false,
        "exp": false,
        "nbf": false,
        "iat": false,
        "jti": false,
        "hs256": true,
        "hs384": true,
        "hs512": true,
        "rs256": true,
        "rs384": true,
        "rs512": true,
        "es256": true,
        "es384": true,
        "es512": true,
        "ps256": true,
        "ps384": true,
        "ps512": true
      },
      "authorUrl": "https://github.com/square",
      "authorName": "DV",
      "gitHubRepoPath": "square/go-jose",
      "repoUrl": "https://github.com/square/go-jose",
      "installCommandHtml": "go get <a href=\"https://godoc.org/github.com/square/go-jose\">github.com/square/go-jose</a>"
    },
    {
      "minimumVersion": null,
      "support": {
        "sign": true,
        "verify": true,
        "iss": false,
        "sub": false,
        "aud": false,
        "exp": false,
        "nbf": false,
        "iat": false,
        "jti": false,
        "hs256": true,
        "hs384": true,
        "hs512": true,
        "rs256": true,
        "rs384": true,
        "rs512": true,
        "es256": true,
        "es384": true,
        "es512": true,
        "ps256": true,
        "ps384": true,
        "ps512": true
      },
      "authorUrl": "https://github.com/lestrrat",
      "authorName": "lestrrat",
      "gitHubRepoPath": "lestrrat-go/jwx",
      "repoUrl": "https://github.com/lestrrat-go/jwx",
      "installCommandHtml": "go get <a href=\"https://godoc.org/github.com/lestrrat-go/jwx\">github.com/lestrrat-go/jwx</a>"
    },
    {
      "minimumVersion": null,
      "support": {
        "sign": true,
        "verify": true,
        "iss": false,
        "sub": false,
        "aud": false,
        "exp": true,
        "nbf": true,
        "iat": false,
        "jti": true,
        "hs256": true,
        "hs384": true,
        "hs512": true,
        "rs256": true,
        "rs384": true,
        "rs512": true,
        "es256": true,
        "es384": true,
        "es512": true
      },
      "authorUrl": "https://github.com/adam-hanna",
      "authorName": "adam-hanna",
      "gitHubRepoPath": "adam-hanna/jwt-auth",
      "repoUrl": "https://github.com/adam-hanna/jwt-auth",
      "installCommandHtml": "go get <a href=\"https://godoc.org/github.com/adam-hanna/jwt-auth\">github.com/adam-hanna/jwt-auth</a>"
    },
    {
      "minimumVersion": null,
      "support": {
        "sign": true,
        "verify": true,
        "iss": false,
        "sub": false,
        "aud": false,
        "exp": true,
        "nbf": false,
        "iat": false,
        "jti": false,
        "hs256": true,
        "hs384": false,
        "hs512": false,
        "rs256": false,
        "rs384": false,
        "rs512": false,
        "es256": false,
        "es384": false,
        "es512": false,
        "ps256": false,
        "ps384": false,
        "ps512": false
      },
      "authorUrl": "https://github.com/nickvellios",
      "authorName": "nickvellios",
      "gitHubRepoPath": "nickvellios/gojwt",
      "repoUrl": "https://github.com/nickvellios/gojwt",
      "installCommandHtml": "go get <a href=\"https://godoc.org/github.com/nickvellios/gojwt\">github.com/nickvellios/gojwt</a>"
    },
    {
      "minimumVersion": null,
      "support": {
        "sign": true,
        "verify": true,
        "iss": true,
        "sub": true,
        "aud": true,
        "exp": true,
        "nbf": true,
        "iat": true,
        "jti": true,
        "hs256": true,
        "hs384": true,
        "hs512": true,
        "rs256": true,
        "rs384": true,
        "rs512": true,
        "es256": true,
        "es384": true,
        "es512": true,
        "ps256": true,
        "ps384": true,
        "ps512": true
      },
      "authorUrl": "https://github.com/gbrlsnchs",
      "authorName": "Gabriel Sanches",
      "gitHubRepoPath": "gbrlsnchs/jwt",
      "repoUrl": "https://github.com/gbrlsnchs/jwt",
      "installCommandHtml": "GO111MODULE=on go get <a href=\"https://godoc.org/github.com/gbrlsnchs/jwt\">github.com/gbrlsnchs/jwt/v3</a>"
    },
    {
      "minimumVersion": null,
      "support": {
        "sign": true,
        "verify": true,
        "iss": true,
        "sub": true,
        "aud": true,
        "exp": true,
        "nbf": true,
        "iat": true,
        "jti": true,
        "hs256": true,
        "hs384": true,
        "hs512": true,
        "rs256": true,
        "rs384": true,
        "rs512": true,
        "es256": true,
        "es384": true,
        "es512": true,
        "ps256": true,
        "ps384": true,
        "ps512": true,
        "eddsa": true
      },
      "authorUrl": "https://github.com/pascaldekloe",
      "authorName": "Pascal de Kloe",
      "gitHubRepoPath": "pascaldekloe/jwt",
      "repoUrl": "https://github.com/pascaldekloe/jwt",
      "installCommandHtml": "go get <a href=\"https://godoc.org/github.com/pascaldekloe/jwt\">github.com/pascaldekloe/jwt</a>"
    },
    {
      "minimumVersion": null,
      "support": {
        "sign": true,
        "verify": true,
        "iss": false,
        "sub": false,
        "aud": false,
        "exp": false,
        "nbf": false,
        "iat": false,
        "jti": false,
        "hs256": true,
        "hs384": false,
        "hs512": true,
        "rs256": false,
        "rs384": false,
        "rs512": false,
        "es256": false,
        "es384": false,
        "es512": false,
        "ps256": false,
        "ps384": false,
        "ps512": false
      },
      "authorUrl": "https://gitlab.com/rucuriousyet",
      "authorName": "Seth Moeckel",
      "gitHubRepoPath": null,
      "repoUrl": "https://gitlab.com/rucuriousyet/jwt",
      "installCommandHtml": "go get <a href=\"https://godoc.org/gitlab.com/rucuriousyet/jwt\">gitlab.com/rucuriousyet/jwt</a>"
    },
    {
      "minimumVersion": null,
      "support": {
        "sign": true,
        "verify": true,
        "iss": true,
        "sub": true,
        "aud": true,
        "exp": true,
        "nbf": true,
        "iat": true,
        "jti": true,
        "hs256": true,
        "hs384": false,
        "hs512": false,
        "rs256": false,
        "rs384": false,
        "rs512": false,
        "es256": false,
        "es384": false,
        "es512": false,
        "ps256": false,
        "ps384": false,
        "ps512": false
      },
      "authorUrl": "https://github.com/brianvoe",
      "authorName": "Brian Voelker",
      "gitHubRepoPath": "brianvoe/sjwt",
      "repoUrl": "https://github.com/brianvoe/sjwt",
      "installCommandHtml": "go get <a href=\"https://godoc.org/github.com/brianvoe/sjwt\">github.com/brianvoe/sjwt</a>"
    }
  ]
}
